{
  "locations": {
    "AveryHmuraHouse.stl": {
      "x": 191.86388181954254,
      "y": 133.65241929012655,
      "z": 0.0,
      "rotation": {
        "storage": {
          "q0": 1.0,
          "q1": 0.0,
          "q2": 0.0,
          "q3": 0.0
        }
      }
    },
    "annabelle ertel-zito house.stl": {
      "x": 218.4079497995454,
      "y": 162.27074552917497,
      "z": 0.0,
      "rotation": {
        "storage": {
          "q0": 1.0,
          "q1": 0.0,
          "q2": 0.0,
          "q3": 0.0
        }
      }
    },
    "RosieMattinaHouse.stl": {
      "x": 180.33702338729137,
      "y": 66.70495788208396,
      "z": 0.0,
      "rotation": {
        "storage": {
          "q0": 1.0,
          "q1": 0.0,
          "q2": 0.0,
          "q3": 0.0
        }
      }
    },
    "connor.stl": {
      "x": 214.99033355962987,
      "y": 61.34533105952862,
      "z": 0.0,
      "rotation": {
        "storage": {
          "q0": 1.0,
          "q1": 0.0,
          "q2": 0.0,
          "q3": 0.0
        }
      }
    },
    "Glorious Elzing(2).stl": {
      "x": 48.031409423244476,
      "y": 110.28126761320236,
      "z": 0.0,
      "rotation": {
        "storage": {
          "q0": 1.0,
          "q1": 0.0,
          "q2": 0.0,
          "q3": 0.0
        }
      }
    },
    "Patrickzappiahouse(1).stl": {
      "x": 182.33755079904844,
      "y": 160.58233266479633,
      "z": 0.0,
      "rotation": {
        "storage": {
          "q0": 1.0,
          "q1": 0.0,
          "q2": 0.0,
          "q3": 0.0
        }
      }
    },
    "natalietownley shouse.stl": {
      "x": 133.2339128723936,
      "y": 181.04518670455872,
      "z": 0.0,
      "rotation": {
        "storage": {
          "q0": 1.0,
          "q1": 0.0,
          "q2": 0.0,
          "q3": 0.0
        }
      }
    },
    "noah rezneks house.stl": {
      "x": 147.57185743382962,
      "y": 59.82251865910586,
      "z": 0.0,
      "rotation": {
        "storage": {
          "q0": 1.0,
          "q1": 0.0,
          "q2": 0.0,
          "q3": 0.0
        }
      }
    },
    "AubreyElizabethTomasinoHouse(1).stl": {
      "x": 158.88321245231833,
      "y": 149.85997497600795,
      "z": 0.0,
      "rotation": {
        "storage": {
          "q0": 1.0,
          "q1": 0.0,
          "q2": 0.0,
          "q3": 0.0
        }
      }
    },
    "alexsiedleckihouse.stl": {
      "x": 190.1730710658973,
      "y": 96.20657656317269,
      "z": 0.0,
      "rotation": {
        "storage": {
          "q0": 1.0,
          "q1": 0.0,
          "q2": 0.0,
          "q3": 0.0
        }
      }
    },
    "elijahcolemanHouse.stl": {
      "x": 148.47167537913887,
      "y": 122.98870486422126,
      "z": 0.0,
      "rotation": {
        "storage": {
          "q0": 1.0,
          "q1": 0.0,
          "q2": 0.0,
          "q3": 0.0
        }
      }
    },
    "JosephineZappiaHouse.stl": {
      "x": 233.56053864889284,
      "y": 127.58339518290694,
      "z": 0.0,
      "rotation": {
        "storage": {
          "q0": 1.0,
          "q1": 0.0,
          "q2": 0.0,
          "q3": 0.0
        }
      }
    },
    "ameliahouse(2).stl": {
      "x": 24.779601176764444,
      "y": 64.77273559316362,
      "z": 0.0,
      "rotation": {
        "storage": {
          "q0": 1.0,
          "q1": 0.0,
          "q2": 0.0,
          "q3": 0.0
        }
      }
    },
    "ClaireDainesHouse.stl": {
      "x": 239.71142682325456,
      "y": 21.127116339360782,
      "z": 0.0,
      "rotation": {
        "storage": {
          "q0": 1.0,
          "q1": 0.0,
          "q2": 0.0,
          "q3": 0.0
        }
      }
    },
    "Harrisontimm.stl": {
      "x": 145.30967782444893,
      "y": 95.48549876555003,
      "z": 0.0,
      "rotation": {
        "storage": {
          "q0": 1.0,
          "q1": 0.0,
          "q2": 0.0,
          "q3": 0.0
        }
      }
    },
    "AllisonOroszkoHouse.stl": {
      "x": 58.21330640657097,
      "y": 187.89298301959144,
      "z": 0.0,
      "rotation": {
        "storage": {
          "q0": 1.0,
          "q1": 0.0,
          "q2": 0.0,
          "q3": 0.0
        }
      }
    },
    "Calvin Terrill house.stl": {
      "x": 63.36879369221774,
      "y": 143.71809719468126,
      "z": 0.0,
      "rotation": {
        "storage": {
          "q0": 1.0,
          "q1": 0.0,
          "q2": 0.0,
          "q3": 0.0
        }
      }
    },
    "lakshmimuddanahouse.stl": {
      "x": 75.93208347235756,
      "y": 96.62323200751284,
      "z": 0.0,
      "rotation": {
        "storage": {
          "q0": 1.0,
          "q1": 0.0,
          "q2": 0.0,
          "q3": 0.0
        }
      }
    },
    "Noah nieves house.stl": {
      "x": 165.01597265715992,
      "y": 16.130378435641717,
      "z": 0.0,
      "rotation": {
        "storage": {
          "q0": 1.0,
          "q1": 0.0,
          "q2": 0.0,
          "q3": 0.0
        }
      }
    },
    "Zamm_s kitchen!.stl": {
      "x": 20.558748536490935,
      "y": 156.1263892415907,
      "z": 0.0,
      "rotation": {
        "storage": {
          "q0": 1.0,
          "q1": 0.0,
          "q2": 0.0,
          "q3": 0.0
        }
      }
    },
    "nahsaihoues.stl": {
      "x": 107.41645003447033,
      "y": 142.13564355849152,
      "z": 0.0,
      "rotation": {
        "storage": {
          "q0": 1.0,
          "q1": 0.0,
          "q2": 0.0,
          "q3": 0.0
        }
      }
    },
    "constantine tsamaras house.stl": {
      "x": 187.93956170956966,
      "y": 20.6666666646,
      "z": 0.0,
      "rotation": {
        "storage": {
          "q0": 1.0,
          "q1": 0.0,
          "q2": 0.0,
          "q3": 0.0
        }
      }
    },
    "emmaelizadethmclarenhousestl.stl": {
      "x": 92.79257648618119,
      "y": 11.317872501970482,
      "z": 0.0,
      "rotation": {
        "storage": {
          "q0": 1.0,
          "q1": 0.0,
          "q2": 0.0,
          "q3": 0.0
        }
      }
    },
    "Joseph Rouillard house.stl": {
      "x": 129.3126381921565,
      "y": 59.828905175719825,
      "z": 0.0,
      "rotation": {
        "storage": {
          "q0": 1.0,
          "q1": 0.0,
          "q2": 0.0,
          "q3": 0.0
        }
      }
    },
    "nolan walker house.stl": {
      "x": 15.059339798805084,
      "y": 178.09587629027507,
      "z": 0.0,
      "rotation": {
        "storage": {
          "q0": 1.0,
          "q1": 0.0,
          "q2": 0.0,
          "q3": 0.0
        }
      }
    },
    "ElenaXingHouse.stl": {
      "x": 128.17859611159844,
      "y": 13.908012215943595,
      "z": 0.0,
      "rotation": {
        "storage": {
          "q0": 1.0,
          "q1": 0.0,
          "q2": 0.0,
          "q3": 0.0
        }
      }
    },
    "Grand Jaban(1).stl": {
      "x": 27.085139750147555,
      "y": 26.289677831277267,
      "z": 0.0,
      "rotation": {
        "storage": {
          "q0": 1.0,
          "q1": 0.0,
          "q2": 0.0,
          "q3": 0.0
        }
      }
    },
    "TheoWanghouse.stl": {
      "x": 15.702796819067153,
      "y": 118.5557889615826,
      "z": 0.0,
      "rotation": {
        "storage": {
          "q0": 1.0,
          "q1": 0.0,
          "q2": 0.0,
          "q3": 0.0
        }
      }
    },
    "Brave Tumelo-Krunk.stl": {
      "x": 92.25136382447981,
      "y": 185.30582622227956,
      "z": 0.0,
      "rotation": {
        "storage": {
          "q0": 1.0,
          "q1": 0.0,
          "q2": 0.0,
          "q3": 0.0
        }
      }
    },
    "Mayabensonhouse(1).stl": {
      "x": 177.85043923499214,
      "y": 187.77397402773371,
      "z": 0.0,
      "rotation": {
        "storage": {
          "q0": 1.0,
          "q1": 0.0,
          "q2": 0.0,
          "q3": 0.0
        }
      }
    },
    "anthony portuondo house.stl": {
      "x": 24.456960142795147,
      "y": 87.94258092931116,
      "z": 0.0,
      "rotation": {
        "storage": {
          "q0": 1.0,
          "q1": 0.0,
          "q2": 0.0,